devices,trial,registration_ms_per_device,batch_processing_ms,proof_generation_ms_per_device,batch_registration_total_ms,verification_ms_per_proof,registration_per_second,verification_per_second,temporary_request_ms,resource_access_ms,individual_rebuild_ms,batch_root_updates,individual_root_updates
5,1,3.1611000000000002,0.0336,0.00378,15.858,0.0060826000000000005,316.3455759071209,164403.38013349555,1.7783233333333333,1.5977700000000001,0.0781,1,5
5,2,0.38046,0.0388,0.0036,1.9591,0.006319600000000001,2628.3972033853756,158237.86315589593,1.82515,1.3041966666666667,0.0363,1,5
5,3,0.298,0.0271,0.0023,1.5286,0.0054746,3355.7046979865772,182661.74697694808,1.72658,1.30528,0.0399,1,5
5,4,0.55364,0.0401,0.00472,2.8319,0.0102758,1806.2278737085471,97316.02405652114,1.6899633333333335,1.2377833333333332,0.0693,1,5
5,5,0.35774,0.0535,0.00468,1.8656000000000001,0.00884,2795.32621456924,113122.17194570135,1.8018966666666667,1.3145833333333334,0.0435,1,5
10,1,0.47201000000000004,0.0661,0.00636,4.8498,0.0105741,2118.5991822207156,94570.69632403704,1.4529466666666666,1.02176,0.119,1,10
10,2,0.24613999999999997,0.0324,0.00208,2.5145999999999997,0.0059887,4062.728528479727,166981.14782841018,1.3152966666666666,0.9380833333333333,0.0986,1,10
10,3,0.25413,0.0702,0.0022700000000000003,2.6342,0.0078544,3934.993900759454,127317.17254023223,1.2839833333333333,1.0878333333333332,0.1144,1,10
10,4,0.30612,0.0363,0.00219,3.1194,0.0073032,3266.6928002090685,136926.27889144485,1.3523,2.0273266666666667,0.1084,1,10
10,5,0.45907,0.0635,0.007000000000000001,4.724200000000001,0.0123284,2178.3170322608753,81113.52649167775,1.52369,1.0788133333333334,0.2673,1,10
25,1,0.316052,0.0702,0.002788,8.0412,0.012321720000000001,3164.036297824409,81157.50073853326,3.186806666666667,2.606666666666667,0.8089,1,25
25,2,0.5885199999999999,0.1426,0.00674,15.024099999999999,0.0170984,1699.1775980425475,58485.00444486034,2.5048466666666664,1.5462966666666667,1.4396,1,25
25,3,0.32602,0.1998,0.002656,8.416699999999999,0.0120852,3067.2964848782285,82745.83788435442,1.2245366666666666,1.06743,0.5891,1,25
25,4,0.32233199999999995,0.089,0.004372,8.256599999999999,0.00859284,3102.3913232319474,116375.95951978624,1.3933833333333332,1.0398266666666667,1.3531,1,25
25,5,0.24481999999999998,0.0641,0.002064,6.236199999999999,0.00886052,4084.6336083653296,112860.1933069391,1.4144700000000001,1.0094699999999999,1.3479,1,25
50,1,0.21901800000000002,0.1043,0.002372,11.173800000000002,0.01161178,4565.834771571286,86119.44077479938,1.1384566666666667,0.88597,2.1429,1,50
50,2,0.249902,0.1016,0.0021579999999999998,12.704600000000001,0.01054222,4001.5686148970394,94856.68104061573,1.1920433333333333,0.9857833333333333,1.8224,1,50
50,3,0.226136,0.0975,0.002074,11.508000000000001,0.00942542,4422.117663706796,106096.06786753269,1.08173,0.9093866666666667,1.9698,1,50
50,4,0.223816,0.1497,0.002254,11.453199999999999,0.00984878,4467.955820852843,101535.41860007026,1.1317133333333333,1.2440233333333335,2.0845,1,50
50,5,0.227634,0.1003,0.001902,11.577100000000002,0.010689019999999999,4393.01686039871,93553.94601188884,1.2268866666666667,0.9105500000000001,2.6251,1,50
100,1,0.234373,0.1956,0.002425,23.8754,0.01115675,4266.703075866248,89631.8372285836,1.18419,0.9390566666666668,7.8975,1,100
100,2,0.22566,0.1833,0.002114,22.9607,0.011081879999999999,4431.445537534344,90237.39654282486,1.1375899999999999,0.9166666666666666,7.9955,1,100
100,3,0.229494,0.1965,0.002641,23.41,0.01081958,4357.412394223814,92425.02943737188,1.1465400000000001,0.9526066666666666,6.9472,1,100
100,4,0.21512799999999999,0.1827,0.002147,21.9102,0.01085363,4648.395373916924,92135.0737034522,1.12822,1.03667,7.7106,1,100
100,5,0.229324,0.2041,0.00212,23.3485,0.01125464,4360.642584291221,88852.24227518606,1.0533733333333333,0.8435533333333333,7.9736,1,100
